{"shape": [1, 17], "values": [[-0.8337312340736389, -0.4397490918636322, -1.085179328918457, -0.9910396933555603, -0.584610104560852, -0.8423420786857605, -1.0860639810562134, -0.5068561434745789, -0.7400829195976257, -0.7776327133178711, -1.476093053817749, -0.5330770611763, -0.5312895774841309, -0.5533198714256287, -0.5089763402938843, -0.309276819229126, -1.0112130641937256]]}